<ticker>,<date>,<open>,<high>,<low>,<close>,<vol>
2017-06-01 09:35:00,23.940,23.940,23.633,23.773,242
2017-06-01 09:40:00,23.773,23.887,23.687,23.713,302
2017-06-01 09:45:00,23.727,23.860,23.720,23.720,98
2017-06-01 09:50:00,23.713,23.927,23.700,23.927,180
2017-06-01 09:55:00,23.927,23.927,23.707,23.707,114
2017-06-01 10:00:00,23.700,23.753,23.667,23.667,107
2017-06-01 10:05:00,23.647,23.667,23.287,23.527,372
2017-06-01 10:10:00,23.533,23.607,23.533,23.540,127
2017-06-01 10:15:00,23.540,23.540,23.333,23.340,181
2017-06-01 10:20:00,23.347,23.460,23.307,23.413,185
2017-06-01 10:25:00,23.453,23.513,23.453,23.513,75
2017-06-01 10:30:00,23.453,23.547,23.333,23.547,203
2017-06-01 10:35:00,23.520,23.540,23.453,23.453,46
2017-06-01 10:40:00,23.460,23.467,23.460,23.467,43
2017-06-01 10:45:00,23.467,23.500,23.307,23.313,341
2017-06-01 10:50:00,23.313,23.440,23.307,23.333,115
2017-06-01 10:55:00,23.333,23.333,23.300,23.300,219
2017-06-01 11:00:00,23.320,23.333,23.300,23.300,143
2017-06-01 11:05:00,23.300,23.300,23.267,23.273,218
2017-06-01 11:10:00,23.273,23.300,23.207,23.207,224
2017-06-01 11:15:00,23.207,23.253,23.207,23.253,102
2017-06-01 11:20:00,23.260,23.260,23.207,23.207,123
2017-06-01 11:25:00,23.200,23.200,23.160,23.160,313
2017-06-01 11:30:00,23.160,23.160,22.953,22.953,233
2017-06-01 13:05:00,22.940,22.940,22.800,22.920,271
2017-06-01 13:10:00,22.920,22.920,22.733,22.733,159
2017-06-01 13:15:00,22.733,22.933,22.687,22.933,286
2017-06-01 13:20:00,22.933,22.933,22.833,22.833,76
2017-06-01 13:25:00,22.920,22.920,22.533,22.533,590
2017-06-01 13:30:00,22.600,22.700,22.540,22.700,260
2017-06-01 13:35:00,22.720,22.867,22.720,22.867,86
2017-06-01 13:40:00,22.867,22.967,22.867,22.967,221
2017-06-01 13:45:00,22.973,22.973,22.887,22.887,68
2017-06-01 13:50:00,22.927,22.933,22.800,22.800,69
2017-06-01 13:55:00,22.793,22.807,22.733,22.733,165
2017-06-01 14:00:00,22.907,22.913,22.773,22.773,32
2017-06-01 14:05:00,22.873,22.933,22.873,22.933,155
2017-06-01 14:10:00,22.920,22.920,22.800,22.840,63
2017-06-01 14:15:00,22.840,22.900,22.840,22.873,49
2017-06-01 14:20:00,22.873,22.873,22.753,22.753,167
2017-06-01 14:25:00,22.747,22.747,22.667,22.680,180
2017-06-01 14:30:00,22.680,22.747,22.540,22.540,281
2017-06-01 14:35:00,22.567,22.600,22.533,22.560,340
2017-06-01 14:40:00,22.547,22.560,22.480,22.480,401
2017-06-01 14:45:00,22.480,22.487,21.787,21.800,777
2017-06-01 14:50:00,21.780,21.920,21.707,21.807,416
2017-06-01 14:55:00,21.807,22.253,21.787,22.200,530
2017-06-01 15:00:00,22.187,22.200,22.047,22.180,184
2017-06-02 09:35:00,21.967,21.967,21.800,21.907,367
2017-06-02 09:40:00,21.927,21.927,21.600,21.600,443
2017-06-02 09:45:00,21.473,21.600,21.307,21.593,560
2017-06-02 09:50:00,21.587,21.847,21.540,21.753,338
2017-06-02 09:55:00,21.740,21.913,21.647,21.913,185
2017-06-02 10:00:00,21.913,22.153,21.913,22.087,425
2017-06-02 10:05:00,22.020,22.020,21.760,21.940,358
2017-06-02 10:10:00,21.980,21.980,21.807,21.813,50
2017-06-02 10:15:00,21.807,21.913,21.767,21.767,83
2017-06-02 10:20:00,21.767,21.800,21.767,21.767,17
2017-06-02 10:25:00,21.767,21.860,21.767,21.853,84
2017-06-02 10:30:00,21.853,21.867,21.787,21.787,155
2017-06-02 10:35:00,21.787,21.787,21.613,21.673,109
2017-06-02 10:40:00,21.667,21.793,21.600,21.600,108
2017-06-02 10:45:00,21.540,21.653,21.527,21.533,299
2017-06-02 10:50:00,21.533,21.653,21.520,21.653,142
2017-06-02 10:55:00,21.653,21.780,21.467,21.553,159
2017-06-02 11:00:00,21.600,21.753,21.600,21.600,172
2017-06-02 11:05:00,21.753,21.753,21.613,21.713,97
2017-06-02 11:10:00,21.680,21.760,21.673,21.760,106
2017-06-02 11:15:00,21.760,21.760,21.673,21.673,74
2017-06-02 11:20:00,21.627,21.627,21.580,21.620,58
2017-06-02 11:25:00,21.560,21.600,21.467,21.467,147
2017-06-02 11:30:00,21.520,21.587,21.507,21.587,47
2017-06-02 13:05:00,21.587,21.620,21.533,21.620,181
2017-06-02 13:10:00,21.600,21.620,21.600,21.620,96
2017-06-02 13:15:00,21.640,21.787,21.640,21.787,28
2017-06-02 13:20:00,21.787,21.787,21.667,21.667,30
2017-06-02 13:25:00,21.767,21.773,21.767,21.773,15
2017-06-02 13:30:00,21.767,21.827,21.740,21.787,92
2017-06-02 13:35:00,21.867,22.027,21.867,22.027,157
2017-06-02 13:40:00,22.027,22.367,21.940,22.267,355
2017-06-02 13:45:00,22.267,22.447,22.267,22.367,295
2017-06-02 13:50:00,22.387,22.567,22.387,22.533,274
2017-06-02 13:55:00,22.367,22.867,22.360,22.867,442
2017-06-02 14:00:00,22.813,22.967,22.813,22.873,433
2017-06-02 14:05:00,22.660,22.900,22.660,22.853,274
2017-06-02 14:10:00,22.867,22.867,22.740,22.773,62
2017-06-02 14:15:00,22.800,22.907,22.767,22.893,406
2017-06-02 14:20:00,22.893,22.893,22.853,22.853,102
2017-06-02 14:25:00,22.853,22.900,22.853,22.900,169
2017-06-02 14:30:00,22.900,23.047,22.900,22.940,411
2017-06-02 14:35:00,22.940,22.940,22.873,22.880,54
2017-06-02 14:40:00,22.880,22.933,22.880,22.933,125
2017-06-02 14:45:00,22.887,22.927,22.853,22.920,145
2017-06-02 14:50:00,22.867,22.907,22.853,22.900,129
2017-06-02 14:55:00,22.900,22.920,22.700,22.733,348
2017-06-02 15:00:00,22.833,22.840,22.700,22.733,210
2017-06-05 09:35:00,22.900,22.967,22.900,22.960,258
2017-06-05 09:40:00,22.960,23.120,22.960,23.000,302
2017-06-05 09:45:00,23.000,23.153,23.000,23.067,89
2017-06-05 09:50:00,23.107,23.160,23.107,23.133,143
2017-06-05 09:55:00,23.060,23.113,23.007,23.007,350
2017-06-05 10:00:00,23.007,23.113,22.960,23.000,142
2017-06-05 10:05:00,22.967,23.067,22.967,23.067,176
2017-06-05 10:10:00,23.067,23.100,23.067,23.100,148
2017-06-05 10:15:00,23.107,23.133,23.087,23.087,165
2017-06-05 10:20:00,23.027,23.067,23.027,23.067,26
2017-06-05 10:25:00,23.040,23.087,23.040,23.087,108
2017-06-05 10:30:00,23.100,23.100,23.073,23.100,50
2017-06-05 10:35:00,23.100,23.127,23.073,23.100,121
2017-06-05 10:40:00,23.127,23.253,23.127,23.213,211
2017-06-05 10:45:00,23.213,23.213,23.120,23.120,76
2017-06-05 10:50:00,23.120,23.147,23.120,23.147,46
2017-06-05 10:55:00,23.127,23.127,23.120,23.127,32
2017-06-05 11:00:00,23.120,23.153,23.113,23.120,28
2017-06-05 11:05:00,23.087,23.127,23.073,23.127,81
2017-06-05 11:10:00,23.127,23.127,23.073,23.073,57
2017-06-05 11:15:00,23.073,23.073,23.067,23.067,45
2017-06-05 11:20:00,23.067,23.067,22.807,23.067,324
2017-06-05 11:25:00,22.820,22.973,22.807,22.973,260
2017-06-05 11:30:00,22.827,22.920,22.813,22.833,139
2017-06-05 13:05:00,22.833,22.907,22.800,22.800,164
2017-06-05 13:10:00,22.800,22.907,22.787,22.787,62
2017-06-05 13:15:00,22.787,22.900,22.787,22.900,24
2017-06-05 13:20:00,22.900,22.900,22.753,22.787,140
2017-06-05 13:25:00,22.787,22.867,22.787,22.867,33
2017-06-05 13:30:00,22.867,22.867,22.813,22.813,59
2017-06-05 13:35:00,22.807,22.813,22.720,22.720,189
2017-06-05 13:40:00,22.720,22.813,22.720,22.813,66
2017-06-05 13:45:00,22.767,22.767,22.753,22.760,85
2017-06-05 13:50:00,22.767,22.767,22.767,22.767,15
2017-06-05 13:55:00,22.767,22.807,22.753,22.767,52
2017-06-05 14:00:00,22.767,22.807,22.767,22.807,33
2017-06-05 14:05:00,22.867,23.000,22.807,23.000,110
2017-06-05 14:10:00,23.027,23.033,22.980,22.993,136
2017-06-05 14:15:00,22.973,23.127,22.967,23.127,170
2017-06-05 14:20:00,23.127,23.127,23.007,23.033,55
2017-06-05 14:25:00,23.040,23.040,22.953,22.953,107
2017-06-05 14:30:00,22.953,22.953,22.913,22.947,279
2017-06-05 14:35:00,22.913,23.080,22.913,23.080,50
2017-06-05 14:40:00,22.967,23.060,22.967,22.973,42
2017-06-05 14:45:00,22.973,23.060,22.973,23.040,157
2017-06-05 14:50:00,22.940,22.980,22.940,22.953,41
2017-06-05 14:55:00,22.953,23.020,22.953,23.020,138
2017-06-05 15:00:00,23.027,23.027,22.967,22.993,116
2017-06-06 09:35:00,22.933,22.933,22.700,22.913,236
2017-06-06 09:40:00,22.913,22.913,22.767,22.867,88
2017-06-06 09:45:00,22.867,22.867,22.713,22.713,74
2017-06-06 09:50:00,22.713,22.847,22.707,22.760,170
2017-06-06 09:55:00,22.747,22.760,22.620,22.667,255
2017-06-06 10:00:00,22.640,22.720,22.640,22.720,80
2017-06-06 10:05:00,22.720,22.720,22.667,22.713,103
2017-06-06 10:10:00,22.727,22.733,22.667,22.733,107
2017-06-06 10:15:00,22.727,22.727,22.693,22.720,16
2017-06-06 10:20:00,22.720,22.733,22.687,22.733,130
2017-06-06 10:25:00,22.740,22.833,22.740,22.773,16
2017-06-06 10:30:00,22.773,22.873,22.773,22.867,128
2017-06-06 10:35:00,22.867,23.147,22.867,23.087,209
2017-06-06 10:40:00,23.067,23.067,22.980,23.000,108
2017-06-06 10:45:00,22.987,23.067,22.987,23.067,45
2017-06-06 10:50:00,23.047,23.127,23.047,23.127,156
2017-06-06 10:55:00,23.127,23.233,23.093,23.093,393
2017-06-06 11:00:00,23.260,23.267,23.073,23.120,530
2017-06-06 11:05:00,23.073,23.167,23.073,23.167,105
2017-06-06 11:10:00,23.207,23.207,23.100,23.100,74
2017-06-06 11:15:00,23.087,23.173,23.087,23.147,78
2017-06-06 11:20:00,23.100,23.207,23.100,23.113,46
2017-06-06 11:25:00,23.107,23.193,23.087,23.087,86
2017-06-06 11:30:00,23.067,23.067,23.047,23.047,101
2017-06-06 13:05:00,23.047,23.067,23.013,23.067,27
2017-06-06 13:10:00,23.033,23.033,22.993,23.020,70
2017-06-06 13:15:00,23.027,23.067,23.027,23.067,11
2017-06-06 13:20:00,23.067,23.187,23.067,23.067,52
2017-06-06 13:25:00,23.167,23.180,23.160,23.160,27
2017-06-06 13:30:00,23.160,23.233,23.160,23.213,288
2017-06-06 13:35:00,23.147,23.220,23.147,23.220,38
2017-06-06 13:40:00,23.220,23.333,23.220,23.307,257
2017-06-06 13:45:00,23.307,23.327,23.267,23.267,127
2017-06-06 13:50:00,23.267,23.300,23.153,23.193,77
2017-06-06 13:55:00,23.193,23.267,23.193,23.267,101
2017-06-06 14:00:00,23.267,23.267,23.173,23.247,21
2017-06-06 14:05:00,23.253,23.267,23.180,23.200,147
2017-06-06 14:10:00,23.200,23.233,23.167,23.173,58
2017-06-06 14:15:00,23.167,23.220,23.167,23.220,33
2017-06-06 14:20:00,23.220,23.220,23.180,23.180,13
2017-06-06 14:25:00,23.187,23.187,23.167,23.167,102
2017-06-06 14:30:00,23.167,23.167,23.020,23.093,147
2017-06-06 14:35:00,23.107,23.153,23.073,23.133,102
2017-06-06 14:40:00,23.133,23.133,23.060,23.060,51
2017-06-06 14:45:00,23.060,23.100,23.060,23.100,71
2017-06-06 14:50:00,23.100,23.127,23.093,23.127,146
2017-06-06 14:55:00,23.140,23.387,23.133,23.387,580
2017-06-06 15:00:00,23.360,23.373,23.333,23.367,213
2017-06-07 09:35:00,23.927,23.927,23.393,23.600,441
2017-06-07 09:40:00,23.620,23.620,23.507,23.600,136
2017-06-07 09:45:00,23.527,23.627,23.527,23.620,95
2017-06-07 09:50:00,23.620,23.667,23.613,23.667,125
2017-06-07 09:55:00,23.713,23.867,23.667,23.727,382
2017-06-07 10:00:00,23.733,23.867,23.733,23.860,331
2017-06-07 10:05:00,23.833,23.880,23.800,23.800,249
2017-06-07 10:10:00,23.767,23.860,23.767,23.813,217
2017-06-07 10:15:00,23.833,23.873,23.820,23.853,218
2017-06-07 10:20:00,23.840,23.900,23.840,23.853,219
2017-06-07 10:25:00,23.867,23.893,23.840,23.847,110
2017-06-07 10:30:00,23.840,23.900,23.787,23.900,319
2017-06-07 10:35:00,23.920,24.040,23.920,24.040,446
2017-06-07 10:40:00,24.027,24.213,24.027,24.113,497
2017-06-07 10:45:00,24.040,24.107,24.027,24.047,73
2017-06-07 10:50:00,24.047,24.067,23.947,23.960,135
2017-06-07 10:55:00,23.960,24.047,23.947,24.047,83
2017-06-07 11:00:00,24.040,24.047,23.933,23.973,207
2017-06-07 11:05:00,23.940,23.940,23.800,23.880,301
2017-06-07 11:10:00,23.880,23.967,23.827,23.827,170
2017-06-07 11:15:00,23.820,23.987,23.807,23.953,93
2017-06-07 11:20:00,23.933,24.100,23.873,24.093,169
2017-06-07 11:25:00,24.007,24.093,24.007,24.020,50
2017-06-07 11:30:00,24.020,24.100,24.020,24.100,115
2017-06-07 13:05:00,24.133,24.267,24.133,24.267,203
2017-06-07 13:10:00,24.267,24.327,24.233,24.327,262
2017-06-07 13:15:00,24.327,24.367,24.300,24.300,186
2017-06-07 13:20:00,24.300,24.360,24.300,24.360,149
2017-06-07 13:25:00,24.360,24.387,24.300,24.387,545
2017-06-07 13:30:00,24.400,24.533,24.393,24.420,491
2017-06-07 13:35:00,24.420,24.507,24.420,24.420,102
2017-06-07 13:40:00,24.500,24.653,24.433,24.607,279
2017-06-07 13:45:00,24.633,24.633,24.500,24.500,137
2017-06-07 13:50:00,24.500,24.500,24.440,24.460,177
2017-06-07 13:55:00,24.467,24.467,24.433,24.433,185
2017-06-07 14:00:00,24.427,24.440,24.387,24.413,84
2017-06-07 14:05:00,24.413,24.433,24.400,24.413,134
2017-06-07 14:10:00,24.373,24.373,24.320,24.333,291
2017-06-07 14:15:00,24.333,24.567,24.333,24.567,138
2017-06-07 14:20:00,24.593,24.593,24.473,24.480,146
2017-06-07 14:25:00,24.473,24.473,24.360,24.413,65
2017-06-07 14:30:00,24.413,24.413,24.360,24.367,105
2017-06-07 14:35:00,24.367,24.367,24.340,24.367,47
2017-06-07 14:40:00,24.367,24.367,24.353,24.367,77
2017-06-07 14:45:00,24.367,24.367,24.300,24.327,135
2017-06-07 14:50:00,24.327,24.327,24.180,24.193,298
2017-06-07 14:55:00,24.200,24.267,24.200,24.233,235
2017-06-07 15:00:00,24.240,24.240,24.200,24.213,256
2017-06-08 09:35:00,24.240,24.400,24.200,24.393,349
2017-06-08 09:40:00,24.393,24.453,24.260,24.273,328
2017-06-08 09:45:00,24.367,24.513,24.367,24.467,209
2017-06-08 09:50:00,24.467,24.500,24.373,24.387,274
2017-06-08 09:55:00,24.373,24.387,24.287,24.300,308
2017-06-08 10:00:00,24.333,24.360,24.293,24.340,242
2017-06-08 10:05:00,24.313,24.367,24.300,24.300,171
2017-06-08 10:10:00,24.300,24.333,24.293,24.333,118
2017-06-08 10:15:00,24.353,24.480,24.333,24.480,87
2017-06-08 10:20:00,24.487,24.507,24.400,24.480,163
2017-06-08 10:25:00,24.480,24.500,24.480,24.500,270
2017-06-08 10:30:00,24.500,24.573,24.500,24.540,119
2017-06-08 10:35:00,24.540,24.540,24.420,24.453,112
2017-06-08 10:40:00,24.433,24.453,24.367,24.367,303
2017-06-08 10:45:00,24.347,24.347,24.280,24.280,249
2017-06-08 10:50:00,24.287,24.347,24.287,24.333,84
2017-06-08 10:55:00,24.313,24.320,24.253,24.320,248
2017-06-08 11:00:00,24.333,24.367,24.260,24.320,208
2017-06-08 11:05:00,24.320,24.387,24.273,24.273,103
2017-06-08 11:10:00,24.327,24.360,24.280,24.360,135
2017-06-08 11:15:00,24.333,24.427,24.333,24.400,100
2017-06-08 11:20:00,24.387,24.433,24.387,24.433,71
2017-06-08 11:25:00,24.433,24.440,24.333,24.333,125
2017-06-08 11:30:00,24.333,24.340,24.327,24.340,184
2017-06-08 13:05:00,24.340,24.420,24.340,24.420,18
2017-06-08 13:10:00,24.387,24.387,24.253,24.267,219
2017-06-08 13:15:00,24.267,24.267,24.213,24.253,208
2017-06-08 13:20:00,24.253,24.253,24.133,24.213,157
2017-06-08 13:25:00,24.207,24.220,24.153,24.220,164
2017-06-08 13:30:00,24.220,24.227,24.040,24.133,271
2017-06-08 13:35:00,24.127,24.127,24.067,24.067,167
2017-06-08 13:40:00,24.073,24.133,24.073,24.133,262
2017-06-08 13:45:00,24.133,24.267,24.133,24.267,328
2017-06-08 13:50:00,24.167,24.260,24.167,24.193,55
2017-06-08 13:55:00,24.167,24.167,24.053,24.053,132
2017-06-08 14:00:00,24.073,24.107,24.053,24.107,106
2017-06-08 14:05:00,24.107,24.120,24.047,24.047,115
2017-06-08 14:10:00,24.067,24.067,23.933,23.933,281
2017-06-08 14:15:00,23.933,23.933,23.800,23.927,159
2017-06-08 14:20:00,23.960,24.053,23.887,24.053,186
2017-06-08 14:25:00,24.047,24.047,23.973,24.047,107
2017-06-08 14:30:00,24.087,24.153,24.087,24.140,147
2017-06-08 14:35:00,24.067,24.067,24.067,24.067,47
2017-06-08 14:40:00,24.060,24.187,24.060,24.187,269
2017-06-08 14:45:00,24.193,24.193,24.007,24.060,159
2017-06-08 14:50:00,24.067,24.067,24.000,24.033,581
2017-06-08 14:55:00,24.013,24.033,23.907,23.907,155
2017-06-08 15:00:00,23.900,23.927,23.867,23.927,403
2017-06-09 09:35:00,24.433,24.433,23.813,23.913,407
2017-06-09 09:40:00,23.933,23.993,23.933,23.973,109
2017-06-09 09:45:00,23.947,23.947,23.913,23.920,218
2017-06-09 09:50:00,23.967,24.053,23.940,24.027,355
2017-06-09 09:55:00,24.013,24.013,23.940,23.953,110
2017-06-09 10:00:00,23.953,23.953,23.873,23.880,175
2017-06-09 10:05:00,23.960,23.960,23.880,23.880,81
2017-06-09 10:10:00,23.873,23.927,23.853,23.853,107
2017-06-09 10:15:00,23.860,23.907,23.853,23.907,279
2017-06-09 10:20:00,23.907,23.907,23.687,23.687,396
2017-06-09 10:25:00,23.687,23.907,23.687,23.893,101
2017-06-09 10:30:00,23.893,23.893,23.800,23.800,19
2017-06-09 10:35:00,23.787,23.800,23.780,23.800,67
2017-06-09 10:40:00,23.807,23.807,23.700,23.720,275
2017-06-09 10:45:00,23.720,23.820,23.720,23.820,18
2017-06-09 10:50:00,23.813,23.813,23.720,23.733,102
2017-06-09 10:55:00,23.693,23.800,23.693,23.753,250
2017-06-09 11:00:00,23.793,23.860,23.793,23.860,155
2017-06-09 11:05:00,23.860,23.867,23.800,23.813,30
2017-06-09 11:10:00,23.800,23.933,23.767,23.933,358
2017-06-09 11:15:00,23.933,23.933,23.793,23.793,297
2017-06-09 11:20:00,23.813,23.813,23.813,23.813,3
2017-06-09 11:25:00,23.813,23.813,23.787,23.787,71
2017-06-09 11:30:00,23.787,23.787,23.720,23.733,104
2017-06-09 13:05:00,23.713,23.733,23.647,23.647,256
2017-06-09 13:10:00,23.653,23.653,23.600,23.600,107
2017-06-09 13:15:00,23.633,23.633,23.567,23.633,115
2017-06-09 13:20:00,23.587,23.600,23.587,23.600,131
2017-06-09 13:25:00,23.600,23.600,23.567,23.567,332
2017-06-09 13:30:00,23.567,23.567,23.467,23.567,204
2017-06-09 13:35:00,23.487,23.613,23.487,23.493,97
2017-06-09 13:40:00,23.593,23.593,23.480,23.507,108
2017-06-09 13:45:00,23.560,23.613,23.480,23.613,187
2017-06-09 13:50:00,23.620,23.733,23.620,23.620,109
2017-06-09 13:55:00,23.600,23.687,23.600,23.600,172
2017-06-09 14:00:00,23.607,23.647,23.600,23.640,58
2017-06-09 14:05:00,23.640,23.687,23.600,23.687,218
2017-06-09 14:10:00,23.687,23.740,23.687,23.713,145
2017-06-09 14:15:00,23.687,23.687,23.647,23.667,59
2017-06-09 14:20:00,23.687,23.687,23.600,23.633,180
2017-06-09 14:25:00,23.667,23.687,23.600,23.667,329
2017-06-09 14:30:00,23.667,23.727,23.600,23.720,855
2017-06-09 14:35:00,23.713,23.787,23.713,23.747,278
2017-06-09 14:40:00,23.747,23.753,23.713,23.720,163
2017-06-09 14:45:00,23.707,23.707,23.600,23.667,354
2017-06-09 14:50:00,23.667,23.733,23.620,23.653,239
2017-06-09 14:55:00,23.653,23.787,23.633,23.773,439
2017-06-09 15:00:00,23.773,23.800,23.640,23.793,224
2017-06-12 09:35:00,23.267,23.400,23.087,23.267,616
2017-06-12 09:40:00,23.267,23.387,23.267,23.307,252
2017-06-12 09:45:00,23.367,23.367,23.147,23.147,359
2017-06-12 09:50:00,23.140,23.180,22.940,22.953,468
2017-06-12 09:55:00,23.233,23.267,23.047,23.213,164
2017-06-12 10:00:00,23.213,23.213,23.127,23.133,118
2017-06-12 10:05:00,23.133,23.307,23.127,23.127,231
2017-06-12 10:10:00,23.120,23.300,23.073,23.287,324
2017-06-12 10:15:00,23.280,23.280,23.087,23.120,234
2017-06-12 10:20:00,23.087,23.193,23.087,23.113,67
2017-06-12 10:25:00,23.113,23.187,23.087,23.180,79
2017-06-12 10:30:00,23.180,23.180,23.000,23.000,268
2017-06-12 10:35:00,23.000,23.040,22.933,22.933,480
2017-06-12 10:40:00,22.933,22.933,22.667,22.713,482
2017-06-12 10:45:00,22.813,22.893,22.747,22.773,105
2017-06-12 10:50:00,22.840,22.880,22.793,22.867,144
2017-06-12 10:55:00,22.840,22.840,22.773,22.773,138
2017-06-12 11:00:00,22.773,22.833,22.767,22.833,173
2017-06-12 11:05:00,22.813,22.933,22.773,22.933,81
2017-06-12 11:10:00,22.987,22.987,22.813,22.953,52
2017-06-12 11:15:00,22.900,22.900,22.860,22.860,56
2017-06-12 11:20:00,22.853,22.853,22.787,22.800,109
2017-06-12 11:25:00,22.807,22.867,22.800,22.867,51
2017-06-12 11:30:00,22.833,22.860,22.680,22.860,131
2017-06-12 13:05:00,22.707,22.867,22.707,22.867,7
2017-06-12 13:10:00,22.773,22.800,22.747,22.800,13
2017-06-12 13:15:00,22.853,22.853,22.800,22.827,27
2017-06-12 13:20:00,22.800,22.827,22.780,22.780,71
2017-06-12 13:25:00,22.780,22.800,22.733,22.800,121
2017-06-12 13:30:00,22.800,22.893,22.800,22.893,30
2017-06-12 13:35:00,22.900,22.933,22.893,22.893,53
2017-06-12 13:40:00,22.853,22.927,22.787,22.893,92
2017-06-12 13:45:00,22.867,22.867,22.813,22.813,8
2017-06-12 13:50:00,22.813,22.920,22.813,22.887,51
2017-06-12 13:55:00,22.887,22.927,22.827,22.920,80
2017-06-12 14:00:00,22.920,22.920,22.773,22.900,101
2017-06-12 14:05:00,22.893,22.893,22.680,22.680,143
2017-06-12 14:10:00,22.687,22.733,22.647,22.667,310
2017-06-12 14:15:00,22.733,22.740,22.693,22.693,91
2017-06-12 14:20:00,22.693,22.820,22.693,22.820,42
2017-06-12 14:25:00,22.800,22.820,22.753,22.807,28
2017-06-12 14:30:00,22.800,22.800,22.720,22.720,256
2017-06-12 14:35:00,22.727,22.787,22.660,22.660,62
2017-06-12 14:40:00,22.653,22.653,22.547,22.600,520
2017-06-12 14:45:00,22.600,22.600,22.473,22.507,203
2017-06-12 14:50:00,22.507,22.593,22.507,22.520,123
2017-06-12 14:55:00,22.520,22.520,22.400,22.400,442
2017-06-12 15:00:00,22.400,22.400,22.327,22.327,556
2017-06-13 09:35:00,22.567,22.567,22.360,22.440,392
2017-06-13 09:40:00,22.527,22.567,22.433,22.467,248
2017-06-13 09:45:00,22.553,22.687,22.520,22.653,203
2017-06-13 09:50:00,22.653,22.687,22.560,22.667,225
2017-06-13 09:55:00,22.667,23.040,22.600,23.040,659
2017-06-13 10:00:00,23.053,23.060,22.927,22.927,159
2017-06-13 10:05:00,22.927,22.933,22.807,22.807,80
2017-06-13 10:10:00,22.813,23.000,22.813,22.980,207
2017-06-13 10:15:00,22.913,22.967,22.913,22.940,80
2017-06-13 10:20:00,22.940,22.947,22.907,22.907,123
2017-06-13 10:25:00,22.920,22.940,22.907,22.907,105
2017-06-13 10:30:00,22.933,22.940,22.827,22.833,151
2017-06-13 10:35:00,22.833,22.853,22.833,22.853,44
2017-06-13 10:40:00,22.860,22.920,22.827,22.827,142
2017-06-13 10:45:00,22.833,22.847,22.813,22.847,302
2017-06-13 10:50:00,22.907,22.967,22.847,22.967,214
2017-06-13 10:55:00,22.887,23.013,22.887,23.007,149
2017-06-13 11:00:00,23.040,23.040,22.940,22.940,139
2017-06-13 11:05:00,22.967,23.027,22.907,23.020,198
2017-06-13 11:10:00,23.027,23.040,22.920,23.040,211
2017-06-13 11:15:00,23.053,23.053,22.967,22.967,157
2017-06-13 11:20:00,23.060,23.160,23.060,23.133,239
2017-06-13 11:25:00,23.167,23.167,23.073,23.093,116
2017-06-13 11:30:00,23.100,23.147,23.100,23.147,132
2017-06-13 13:05:00,23.160,23.187,23.127,23.127,174
2017-06-13 13:10:00,23.127,23.127,23.107,23.113,133
2017-06-13 13:15:00,23.140,23.153,23.140,23.147,38
2017-06-13 13:20:00,23.147,23.180,23.147,23.147,69
2017-06-13 13:25:00,23.107,23.180,23.107,23.180,1550
2017-06-13 13:30:00,23.180,23.233,23.127,23.127,120
2017-06-13 13:35:00,23.127,23.127,23.107,23.107,185
2017-06-13 13:40:00,23.120,23.167,23.113,23.167,37
2017-06-13 13:45:00,23.167,23.167,23.100,23.100,45
2017-06-13 13:50:00,23.100,23.173,23.100,23.133,64
2017-06-13 13:55:00,23.173,23.200,23.173,23.200,85
2017-06-13 14:00:00,23.200,23.200,23.140,23.200,52
2017-06-13 14:05:00,23.200,23.233,23.200,23.233,135
2017-06-13 14:10:00,23.233,23.253,23.180,23.233,71
2017-06-13 14:15:00,23.247,23.253,23.200,23.227,38
2017-06-13 14:20:00,23.207,23.227,23.200,23.200,163
2017-06-13 14:25:00,23.187,23.213,23.187,23.187,60
2017-06-13 14:30:00,23.187,23.213,23.187,23.193,68
2017-06-13 14:35:00,23.187,23.187,23.147,23.160,40
2017-06-13 14:40:00,23.160,23.180,23.160,23.180,74
2017-06-13 14:45:00,23.187,23.200,23.160,23.200,161
2017-06-13 14:50:00,23.200,23.200,23.153,23.167,145
2017-06-13 14:55:00,23.200,23.273,23.160,23.273,805
2017-06-13 15:00:00,23.273,23.327,23.253,23.253,445
2017-06-14 09:35:00,23.600,23.733,23.467,23.707,1174
2017-06-14 09:40:00,23.540,23.687,23.540,23.653,307
2017-06-14 09:45:00,23.580,23.833,23.580,23.767,671
2017-06-14 09:50:00,23.767,23.767,23.533,23.567,470
2017-06-14 09:55:00,23.487,23.560,23.333,23.400,334
2017-06-14 10:00:00,23.400,23.520,23.380,23.460,170
2017-06-14 10:05:00,23.460,23.500,23.413,23.500,91
2017-06-14 10:10:00,23.400,23.400,23.333,23.347,319
2017-06-14 10:15:00,23.367,23.380,23.240,23.240,226
2017-06-14 10:20:00,23.233,23.380,23.140,23.373,187
2017-06-14 10:25:00,23.247,23.313,23.247,23.313,137
2017-06-14 10:30:00,23.307,23.313,23.187,23.260,103
2017-06-14 10:35:00,23.253,23.300,23.200,23.300,120
2017-06-14 10:40:00,23.260,23.360,23.260,23.353,181
2017-06-14 10:45:00,23.353,23.520,23.353,23.400,150
2017-06-14 10:50:00,23.333,23.340,23.320,23.320,76
2017-06-14 10:55:00,23.320,23.340,23.320,23.327,103
2017-06-14 11:00:00,23.327,23.387,23.267,23.267,204
2017-06-14 11:05:00,23.227,23.320,23.227,23.267,74
2017-06-14 11:10:00,23.313,23.400,23.313,23.400,59
2017-06-14 11:15:00,23.420,23.420,23.333,23.333,27
2017-06-14 11:20:00,23.387,23.387,23.387,23.387,1
2017-06-14 11:25:00,23.393,23.400,23.340,23.340,118
2017-06-14 11:30:00,23.333,23.373,23.287,23.287,97
2017-06-14 13:05:00,23.367,23.367,23.367,23.367,4
2017-06-14 13:10:00,23.293,23.293,23.267,23.267,121
2017-06-14 13:15:00,23.220,23.267,23.200,23.200,111
2017-06-14 13:20:00,23.200,23.213,23.120,23.120,235
2017-06-14 13:25:00,23.120,23.253,23.120,23.253,41
2017-06-14 13:30:00,23.253,23.260,23.200,23.200,84
2017-06-14 13:35:00,23.153,23.253,23.153,23.213,74
2017-06-14 13:40:00,23.260,23.267,23.260,23.260,102
2017-06-14 13:45:00,23.220,23.227,23.213,23.220,48
2017-06-14 13:50:00,23.220,23.220,23.207,23.207,90
2017-06-14 13:55:00,23.200,23.207,23.147,23.207,133
2017-06-14 14:00:00,23.207,23.207,23.167,23.167,56
2017-06-14 14:05:00,23.153,23.233,23.147,23.147,21
2017-06-14 14:10:00,23.147,23.153,23.133,23.133,87
2017-06-14 14:15:00,23.193,23.213,23.193,23.213,32
2017-06-14 14:20:00,23.220,23.220,23.140,23.140,34
2017-06-14 14:25:00,23.147,23.213,23.147,23.207,47
2017-06-14 14:30:00,23.207,23.207,23.167,23.200,101
2017-06-14 14:35:00,23.167,23.167,23.147,23.147,111
2017-06-14 14:40:00,23.153,23.187,23.153,23.153,41
2017-06-14 14:45:00,23.153,23.167,23.147,23.147,218
2017-06-14 14:50:00,23.147,23.187,23.147,23.173,68
2017-06-14 14:55:00,23.173,23.187,23.133,23.133,199
2017-06-14 15:00:00,23.127,23.133,23.127,23.127,314
2017-06-15 09:35:00,23.260,23.500,22.973,23.467,645
2017-06-15 09:40:00,23.487,23.787,23.487,23.660,452
2017-06-15 09:45:00,23.607,23.773,23.607,23.713,272
2017-06-15 09:50:00,23.700,23.700,23.567,23.580,222
2017-06-15 09:55:00,23.640,23.767,23.640,23.733,504
2017-06-15 10:00:00,23.733,23.733,23.640,23.680,267
2017-06-15 10:05:00,23.680,23.793,23.640,23.793,480
2017-06-15 10:10:00,23.793,23.900,23.753,23.773,218
2017-06-15 10:15:00,23.773,23.807,23.713,23.713,190
2017-06-15 10:20:00,23.667,23.787,23.667,23.673,82
2017-06-15 10:25:00,23.720,23.733,23.700,23.733,77
2017-06-15 10:30:00,23.767,23.807,23.747,23.807,116
2017-06-15 10:35:00,23.813,23.813,23.760,23.807,85
2017-06-15 10:40:00,23.807,23.927,23.807,23.927,421
2017-06-15 10:45:00,23.927,24.033,23.927,23.980,213
2017-06-15 10:50:00,23.960,23.980,23.887,23.960,165
2017-06-15 10:55:00,23.933,24.033,23.907,23.967,393
2017-06-15 11:00:00,23.980,24.033,23.967,24.033,177
2017-06-15 11:05:00,24.020,24.020,23.953,24.000,248
2017-06-15 11:10:00,23.953,24.000,23.933,23.933,339
2017-06-15 11:15:00,23.933,24.067,23.860,24.067,362
2017-06-15 11:20:00,24.007,24.060,23.933,23.933,121
2017-06-15 11:25:00,23.940,24.053,23.907,23.907,156
2017-06-15 11:30:00,23.940,24.027,23.873,23.887,101
2017-06-15 13:05:00,24.033,24.033,23.993,24.007,93
2017-06-15 13:10:00,23.933,23.933,23.887,23.933,35
2017-06-15 13:15:00,23.893,23.933,23.893,23.900,58
2017-06-15 13:20:00,23.893,23.913,23.893,23.913,72
2017-06-15 13:25:00,23.893,23.913,23.840,23.840,211
2017-06-15 13:30:00,23.887,23.933,23.867,23.933,316
2017-06-15 13:35:00,23.967,24.000,23.967,24.000,85
2017-06-15 13:40:00,24.000,24.020,23.953,23.967,63
2017-06-15 13:45:00,23.940,23.960,23.827,23.887,169
2017-06-15 13:50:00,23.867,24.027,23.840,23.840,247
2017-06-15 13:55:00,24.000,24.013,24.000,24.000,109
2017-06-15 14:00:00,23.947,24.000,23.947,23.993,92
2017-06-15 14:05:00,23.947,23.993,23.893,23.893,264
2017-06-15 14:10:00,23.920,23.920,23.807,23.820,391
2017-06-15 14:15:00,23.833,23.853,23.807,23.853,178
2017-06-15 14:20:00,23.820,23.987,23.813,23.933,979
2017-06-15 14:25:00,23.980,23.980,23.873,23.973,143
2017-06-15 14:30:00,23.933,23.967,23.813,23.813,358
2017-06-15 14:35:00,23.860,23.860,23.747,23.773,540
2017-06-15 14:40:00,23.780,23.800,23.753,23.793,431
2017-06-15 14:45:00,23.787,23.800,23.767,23.780,265
2017-06-15 14:50:00,23.773,23.787,23.760,23.780,343
2017-06-15 14:55:00,23.773,23.787,23.747,23.787,552
2017-06-15 15:00:00,23.787,23.847,23.787,23.847,295
2017-06-16 09:35:00,23.993,24.367,23.980,24.320,1409
2017-06-16 09:40:00,24.273,24.367,24.147,24.173,1275
2017-06-16 09:45:00,24.133,24.193,23.973,24.193,362
2017-06-16 09:50:00,24.053,24.167,24.053,24.067,190
2017-06-16 09:55:00,24.127,24.127,24.040,24.047,223
2017-06-16 10:00:00,24.047,24.047,23.940,23.967,212
2017-06-16 10:05:00,23.967,23.973,23.873,23.933,248
2017-06-16 10:10:00,23.880,23.893,23.667,23.760,630
2017-06-16 10:15:00,23.760,23.867,23.733,23.860,107
2017-06-16 10:20:00,23.860,23.920,23.813,23.820,236
2017-06-16 10:25:00,23.833,23.833,23.707,23.760,174
2017-06-16 10:30:00,23.820,23.820,23.747,23.747,32
2017-06-16 10:35:00,23.747,23.820,23.733,23.820,90
2017-06-16 10:40:00,23.880,23.880,23.773,23.773,47
2017-06-16 10:45:00,23.867,23.867,23.867,23.867,28
2017-06-16 10:50:00,23.867,23.873,23.820,23.820,46
2017-06-16 10:55:00,23.873,23.913,23.873,23.913,29
2017-06-16 11:00:00,23.913,23.927,23.873,23.873,111
2017-06-16 11:05:00,23.920,23.920,23.887,23.887,51
2017-06-16 11:10:00,23.887,23.887,23.873,23.873,40
2017-06-16 11:15:00,23.873,23.873,23.847,23.847,19
2017-06-16 11:20:00,23.887,23.913,23.867,23.867,61
2017-06-16 11:25:00,23.860,23.893,23.840,23.840,174
2017-06-16 11:30:00,23.787,23.787,23.740,23.760,201
2017-06-16 13:05:00,23.740,23.753,23.740,23.753,81
2017-06-16 13:10:00,23.753,23.760,23.753,23.760,22
2017-06-16 13:15:00,23.760,23.760,23.760,23.760,0
2017-06-16 13:20:00,23.847,23.853,23.780,23.780,13
2017-06-16 13:25:00,23.773,23.773,23.767,23.767,37
2017-06-16 13:30:00,23.773,23.773,23.773,23.773,42
2017-06-16 13:35:00,23.840,23.880,23.840,23.880,47
2017-06-16 13:40:00,23.880,23.880,23.793,23.793,72
2017-06-16 13:45:00,23.807,23.913,23.807,23.907,43
2017-06-16 13:50:00,23.907,23.913,23.907,23.907,61
2017-06-16 13:55:00,23.867,23.867,23.813,23.827,22
2017-06-16 14:00:00,23.867,23.900,23.827,23.900,41
2017-06-16 14:05:00,23.827,23.847,23.827,23.847,58
2017-06-16 14:10:00,23.847,23.853,23.807,23.840,108
2017-06-16 14:15:00,23.900,23.900,23.860,23.860,50
2017-06-16 14:20:00,23.867,23.867,23.813,23.820,131
2017-06-16 14:25:00,23.820,23.853,23.820,23.833,93
2017-06-16 14:30:00,23.833,23.893,23.833,23.853,91
2017-06-16 14:35:00,23.853,23.900,23.853,23.853,103
2017-06-16 14:40:00,23.853,23.853,23.740,23.747,431
2017-06-16 14:45:00,23.827,23.827,23.747,23.767,154
2017-06-16 14:50:00,23.767,23.800,23.760,23.800,113
2017-06-16 14:55:00,23.813,23.847,23.740,23.800,193
2017-06-16 15:00:00,23.847,23.953,23.800,23.953,368
2017-06-19 09:35:00,23.853,24.100,23.853,24.093,439
2017-06-19 09:40:00,24.087,24.113,24.053,24.107,297
2017-06-19 09:45:00,24.107,24.173,24.107,24.167,301
2017-06-19 09:50:00,24.167,24.167,24.067,24.080,109
2017-06-19 09:55:00,24.113,24.113,24.087,24.100,111
2017-06-19 10:00:00,24.113,24.113,23.953,24.073,115
2017-06-19 10:05:00,23.980,24.060,23.953,23.960,148
2017-06-19 10:10:00,23.947,24.000,23.947,24.000,61
2017-06-19 10:15:00,23.953,24.033,23.953,23.953,58
2017-06-19 10:20:00,23.960,24.007,23.960,23.967,94
2017-06-19 10:25:00,23.967,23.973,23.867,23.867,198
2017-06-19 10:30:00,23.867,23.887,23.867,23.887,62
2017-06-19 10:35:00,23.887,23.933,23.887,23.933,37
2017-06-19 10:40:00,23.927,23.927,23.893,23.920,14
2017-06-19 10:45:00,23.887,23.887,23.827,23.827,104
2017-06-19 10:50:00,23.827,23.827,23.820,23.827,157
2017-06-19 10:55:00,23.833,23.853,23.827,23.853,76
2017-06-19 11:00:00,23.840,23.913,23.840,23.913,33
2017-06-19 11:05:00,23.860,23.913,23.820,23.820,114
2017-06-19 11:10:00,23.820,23.900,23.813,23.900,28
2017-06-19 11:15:00,23.913,23.913,23.913,23.913,16
2017-06-19 11:20:00,23.913,23.913,23.907,23.907,8
2017-06-19 11:25:00,23.907,23.913,23.907,23.913,30
2017-06-19 11:30:00,23.913,23.967,23.907,23.907,78
2017-06-19 13:05:00,23.993,23.993,23.973,23.973,35
2017-06-19 13:10:00,23.993,24.000,23.993,23.993,33
2017-06-19 13:15:00,23.993,23.993,23.913,23.913,38
2017-06-19 13:20:00,23.907,23.913,23.900,23.907,59
2017-06-19 13:25:00,23.907,23.913,23.907,23.913,63
2017-06-19 13:30:00,23.993,24.040,23.967,24.013,137
2017-06-19 13:35:00,24.033,24.033,23.973,23.980,31
2017-06-19 13:40:00,23.973,23.980,23.967,23.967,74
2017-06-19 13:45:00,23.960,24.033,23.960,24.033,140
2017-06-19 13:50:00,24.033,24.053,24.000,24.000,100
2017-06-19 13:55:00,24.000,24.000,23.973,23.973,34
2017-06-19 14:00:00,23.993,23.993,23.993,23.993,15
2017-06-19 14:05:00,23.987,23.987,23.840,23.933,224
2017-06-19 14:10:00,23.900,23.953,23.820,23.953,247
2017-06-19 14:15:00,23.847,23.940,23.847,23.873,106
2017-06-19 14:20:00,23.873,23.873,23.807,23.807,59
2017-06-19 14:25:00,23.800,23.800,23.753,23.760,124
2017-06-19 14:30:00,23.760,23.760,23.747,23.753,197
2017-06-19 14:35:00,23.747,23.753,23.640,23.687,383
2017-06-19 14:40:00,23.680,23.713,23.640,23.713,179
2017-06-19 14:45:00,23.713,23.733,23.667,23.667,273
2017-06-19 14:50:00,23.673,23.733,23.673,23.727,314
2017-06-19 14:55:00,23.727,23.953,23.727,23.753,408
2017-06-19 15:00:00,23.800,23.800,23.753,23.800,421
2017-06-20 09:35:00,24.000,24.000,23.840,23.853,350
2017-06-20 09:40:00,23.947,24.000,23.860,23.947,176
2017-06-20 09:45:00,23.967,23.967,23.833,23.873,124
2017-06-20 09:50:00,23.867,23.967,23.867,23.900,113
2017-06-20 09:55:00,23.887,23.967,23.840,23.840,152
2017-06-20 10:00:00,23.840,23.867,23.833,23.847,94
2017-06-20 10:05:00,23.853,23.973,23.807,23.893,323
2017-06-20 10:10:00,23.893,23.893,23.833,23.840,122
2017-06-20 10:15:00,23.840,23.900,23.827,23.827,68
2017-06-20 10:20:00,23.847,23.847,23.847,23.847,30
2017-06-20 10:25:00,23.853,23.887,23.840,23.887,60
2017-06-20 10:30:00,23.853,23.887,23.853,23.867,49
2017-06-20 10:35:00,23.833,23.927,23.833,23.900,115
2017-06-20 10:40:00,23.813,23.913,23.813,23.913,134
2017-06-20 10:45:00,23.900,23.907,23.800,23.813,715
2017-06-20 10:50:00,23.813,23.813,23.807,23.813,146
2017-06-20 10:55:00,23.873,23.873,23.873,23.873,28
2017-06-20 11:00:00,23.867,23.867,23.847,23.847,9
2017-06-20 11:05:00,23.867,23.867,23.833,23.833,47
2017-06-20 11:10:00,23.833,23.867,23.833,23.867,46
2017-06-20 11:15:00,23.880,23.900,23.880,23.887,89
2017-06-20 11:20:00,23.900,23.927,23.900,23.907,136
2017-06-20 11:25:00,23.900,23.913,23.900,23.913,16
2017-06-20 11:30:00,23.907,23.913,23.900,23.913,46
2017-06-20 13:05:00,23.920,23.933,23.913,23.913,173
2017-06-20 13:10:00,23.913,23.913,23.913,23.913,5
2017-06-20 13:15:00,23.920,23.933,23.913,23.933,78
2017-06-20 13:20:00,23.933,23.940,23.913,23.913,74
2017-06-20 13:25:00,23.913,23.913,23.900,23.900,98
2017-06-20 13:30:00,23.900,23.913,23.900,23.913,32
2017-06-20 13:35:00,23.920,23.920,23.893,23.913,90
2017-06-20 13:40:00,23.913,23.913,23.893,23.893,82
2017-06-20 13:45:00,23.893,23.907,23.880,23.880,84
2017-06-20 13:50:00,23.880,23.893,23.880,23.893,30
2017-06-20 13:55:00,23.873,23.893,23.867,23.867,69
2017-06-20 14:00:00,23.867,23.867,23.860,23.860,31
2017-06-20 14:05:00,23.860,23.860,23.787,23.793,179
2017-06-20 14:10:00,23.793,23.880,23.767,23.787,261
2017-06-20 14:15:00,23.787,23.787,23.773,23.780,76
2017-06-20 14:20:00,23.787,23.860,23.787,23.787,100
2017-06-20 14:25:00,23.787,23.800,23.633,23.633,173
2017-06-20 14:30:00,23.667,23.667,23.520,23.587,504
2017-06-20 14:35:00,23.600,23.613,23.573,23.613,251
2017-06-20 14:40:00,23.620,23.633,23.587,23.633,154
2017-06-20 14:45:00,23.600,23.613,23.580,23.580,111
2017-06-20 14:50:00,23.573,23.573,23.520,23.573,291
2017-06-20 14:55:00,23.587,23.727,23.573,23.707,164
2017-06-20 15:00:00,23.647,23.647,23.533,23.640,234
2017-06-21 09:35:00,23.400,23.667,23.400,23.553,317
2017-06-21 09:40:00,23.553,23.667,23.547,23.667,186
2017-06-21 09:45:00,23.640,23.667,23.547,23.567,156
2017-06-21 09:50:00,23.600,23.680,23.593,23.653,153
2017-06-21 09:55:00,23.580,23.660,23.580,23.660,112
2017-06-21 10:00:00,23.660,23.667,23.613,23.667,108
2017-06-21 10:05:00,23.660,23.927,23.660,23.887,382
2017-06-21 10:10:00,23.853,23.867,23.740,23.807,61
2017-06-21 10:15:00,23.807,23.807,23.780,23.787,89
2017-06-21 10:20:00,23.773,23.827,23.773,23.827,35
2017-06-21 10:25:00,23.773,23.827,23.767,23.767,32
2017-06-21 10:30:00,23.767,23.767,23.680,23.700,163
2017-06-21 10:35:00,23.700,23.700,23.640,23.640,115
2017-06-21 10:40:00,23.633,23.753,23.627,23.640,21
2017-06-21 10:45:00,23.733,23.733,23.633,23.633,47
2017-06-21 10:50:00,23.633,23.640,23.627,23.633,24
2017-06-21 10:55:00,23.633,23.633,23.620,23.620,52
2017-06-21 11:00:00,23.620,23.633,23.600,23.600,72
2017-06-21 11:05:00,23.567,23.580,23.560,23.560,27
2017-06-21 11:10:00,23.560,23.567,23.520,23.567,112
2017-06-21 11:15:00,23.567,23.580,23.567,23.580,43
2017-06-21 11:20:00,23.547,23.560,23.533,23.560,42
2017-06-21 11:25:00,23.547,23.547,23.527,23.527,30
2017-06-21 11:30:00,23.560,23.560,23.453,23.467,181
2017-06-21 13:05:00,23.467,23.467,23.440,23.440,41
2017-06-21 13:10:00,23.413,23.467,23.407,23.407,100
2017-06-21 13:15:00,23.413,23.467,23.400,23.400,122
2017-06-21 13:20:00,23.400,23.400,23.307,23.313,241
2017-06-21 13:25:00,23.333,23.393,23.333,23.333,97
2017-06-21 13:30:00,23.327,23.327,23.227,23.227,262
2017-06-21 13:35:00,23.227,23.453,23.200,23.453,346
2017-06-21 13:40:00,23.287,23.400,23.280,23.380,48
2017-06-21 13:45:00,23.380,23.380,23.307,23.307,81
2017-06-21 13:50:00,23.327,23.327,23.267,23.267,133
2017-06-21 13:55:00,23.253,23.267,23.213,23.233,154
2017-06-21 14:00:00,23.233,23.347,23.233,23.300,61
2017-06-21 14:05:00,23.300,23.300,23.240,23.267,224
2017-06-21 14:10:00,23.353,23.353,23.213,23.247,536
2017-06-21 14:15:00,23.253,23.260,23.227,23.247,169
2017-06-21 14:20:00,23.247,23.307,23.247,23.287,84
2017-06-21 14:25:00,23.293,23.353,23.287,23.307,163
2017-06-21 14:30:00,23.293,23.393,23.293,23.393,175
2017-06-21 14:35:00,23.367,23.420,23.340,23.340,202
2017-06-21 14:40:00,23.340,23.387,23.333,23.387,64
2017-06-21 14:45:00,23.333,23.400,23.333,23.333,121
2017-06-21 14:50:00,23.393,23.427,23.393,23.427,41
2017-06-21 14:55:00,23.433,23.467,23.433,23.467,90
2017-06-21 15:00:00,23.467,23.493,23.460,23.487,189
2017-06-22 09:35:00,23.487,23.567,23.300,23.547,270
2017-06-22 09:40:00,23.547,23.547,23.300,23.353,167
2017-06-22 09:45:00,23.360,23.520,23.360,23.400,130
2017-06-22 09:50:00,23.400,23.513,23.320,23.513,243
2017-06-22 09:55:00,23.500,23.500,23.320,23.327,167
2017-06-22 10:00:00,23.293,23.300,23.280,23.287,143
2017-06-22 10:05:00,23.273,23.407,23.267,23.367,277
2017-06-22 10:10:00,23.367,23.367,23.320,23.360,30
2017-06-22 10:15:00,23.333,23.420,23.333,23.400,74
2017-06-22 10:20:00,23.400,23.420,23.400,23.400,11
2017-06-22 10:25:00,23.400,23.400,23.333,23.400,100
2017-06-22 10:30:00,23.400,23.413,23.393,23.393,12
2017-06-22 10:35:00,23.347,23.440,23.347,23.420,63
2017-06-22 10:40:00,23.333,23.333,23.333,23.333,64
2017-06-22 10:45:00,23.340,23.447,23.340,23.447,72
2017-06-22 10:50:00,23.267,23.400,23.267,23.400,158
2017-06-22 10:55:00,23.300,23.307,23.300,23.307,90
2017-06-22 11:00:00,23.307,23.387,23.273,23.387,94
2017-06-22 11:05:00,23.313,23.313,23.313,23.313,19
2017-06-22 11:10:00,23.320,23.320,23.247,23.287,185
2017-06-22 11:15:00,23.287,23.313,23.247,23.247,162
2017-06-22 11:20:00,23.247,23.247,23.080,23.107,541
2017-06-22 11:25:00,23.073,23.247,23.073,23.107,230
2017-06-22 11:30:00,23.133,23.133,23.113,23.127,109
2017-06-22 13:05:00,23.260,23.260,23.133,23.133,42
2017-06-22 13:10:00,23.107,23.133,23.087,23.107,135
2017-06-22 13:15:00,23.093,23.133,23.087,23.107,74
2017-06-22 13:20:00,23.127,23.127,23.093,23.100,130
2017-06-22 13:25:00,23.093,23.133,23.093,23.120,222
2017-06-22 13:30:00,23.120,23.120,23.093,23.100,163
2017-06-22 13:35:00,23.107,23.107,23.087,23.093,98
2017-06-22 13:40:00,23.087,23.093,22.933,22.933,771
2017-06-22 13:45:00,22.933,23.087,22.907,23.067,148
2017-06-22 13:50:00,23.013,23.067,22.933,22.967,251
2017-06-22 13:55:00,22.973,23.047,22.933,22.967,161
2017-06-22 14:00:00,22.967,23.067,22.887,22.967,348
2017-06-22 14:05:00,23.047,23.067,22.953,22.967,53
2017-06-22 14:10:00,22.967,23.040,22.880,22.880,330
2017-06-22 14:15:00,22.887,23.033,22.880,22.893,105
2017-06-22 14:20:00,22.867,22.960,22.853,22.960,203
2017-06-22 14:25:00,22.953,22.960,22.873,22.873,113
2017-06-22 14:30:00,22.873,22.933,22.800,22.847,179
2017-06-22 14:35:00,22.847,22.880,22.800,22.800,153
2017-06-22 14:40:00,22.800,22.807,22.720,22.800,379
2017-06-22 14:45:00,22.800,22.880,22.700,22.733,157
2017-06-22 14:50:00,22.813,22.813,22.480,22.493,702
2017-06-22 14:55:00,22.587,22.587,22.507,22.533,323
2017-06-22 15:00:00,22.573,22.580,22.527,22.527,278
2017-06-23 09:35:00,22.800,22.920,22.800,22.853,464
2017-06-23 09:40:00,22.853,22.887,22.600,22.667,259
2017-06-23 09:45:00,22.673,22.913,22.673,22.913,276
2017-06-23 09:50:00,22.913,22.913,22.753,22.900,195
2017-06-23 09:55:00,22.913,22.913,22.813,22.867,109
2017-06-23 10:00:00,22.867,23.247,22.867,23.240,738
2017-06-23 10:05:00,23.247,23.387,23.140,23.367,451
2017-06-23 10:10:00,23.367,23.367,23.267,23.340,370
2017-06-23 10:15:00,23.340,23.393,23.200,23.200,299
2017-06-23 10:20:00,23.200,23.293,23.147,23.293,226
2017-06-23 10:25:00,23.267,23.300,23.207,23.280,108
2017-06-23 10:30:00,23.280,23.280,23.220,23.220,67
2017-06-23 10:35:00,23.253,23.253,23.207,23.207,137
2017-06-23 10:40:00,23.213,23.213,23.180,23.193,56
2017-06-23 10:45:00,23.193,23.240,23.180,23.240,92
2017-06-23 10:50:00,23.187,23.240,23.187,23.233,81
2017-06-23 10:55:00,23.233,23.233,23.173,23.173,28
2017-06-23 11:00:00,23.173,23.173,23.120,23.120,107
2017-06-23 11:05:00,23.120,23.213,23.087,23.133,228
2017-06-23 11:10:00,23.133,23.133,22.907,22.933,200
2017-06-23 11:15:00,22.900,23.053,22.860,22.880,326
2017-06-23 11:20:00,22.920,22.973,22.860,22.860,84
2017-06-23 11:25:00,22.853,22.987,22.853,22.900,79
2017-06-23 11:30:00,22.833,22.900,22.760,22.760,267
2017-06-23 13:05:00,22.793,22.900,22.733,22.813,108
2017-06-23 13:10:00,22.813,22.893,22.813,22.880,54
2017-06-23 13:15:00,22.880,22.920,22.833,22.853,172
2017-06-23 13:20:00,22.853,22.913,22.853,22.880,15
2017-06-23 13:25:00,22.880,22.953,22.840,22.953,188
2017-06-23 13:30:00,22.927,22.927,22.840,22.840,29
2017-06-23 13:35:00,22.847,22.860,22.840,22.853,46
2017-06-23 13:40:00,22.853,22.860,22.767,22.773,184
2017-06-23 13:45:00,22.747,22.827,22.747,22.753,73
2017-06-23 13:50:00,22.753,22.827,22.687,22.687,158
2017-06-23 13:55:00,22.667,22.793,22.640,22.793,133
2017-06-23 14:00:00,22.793,22.820,22.713,22.713,113
2017-06-23 14:05:00,22.713,22.773,22.680,22.680,97
2017-06-23 14:10:00,22.673,22.727,22.640,22.673,251
2017-06-23 14:15:00,22.673,22.673,22.600,22.600,216
2017-06-23 14:20:00,22.600,22.760,22.540,22.760,246
2017-06-23 14:25:00,22.707,22.793,22.627,22.793,171
2017-06-23 14:30:00,22.667,22.793,22.653,22.793,157
2017-06-23 14:35:00,22.787,22.820,22.727,22.747,140
2017-06-23 14:40:00,22.813,22.827,22.733,22.827,107
2017-06-23 14:45:00,22.807,22.840,22.767,22.840,217
2017-06-23 14:50:00,22.793,22.893,22.793,22.893,95
2017-06-23 14:55:00,22.853,23.127,22.853,23.113,404
2017-06-23 15:00:00,23.127,23.133,22.973,22.973,291
2017-06-26 09:35:00,22.973,22.973,22.707,22.780,473
2017-06-26 09:40:00,22.813,22.927,22.767,22.773,220
2017-06-26 09:45:00,22.740,22.880,22.667,22.680,295
2017-06-26 09:50:00,22.680,22.840,22.680,22.833,82
2017-06-26 09:55:00,22.847,22.847,22.820,22.833,147
2017-06-26 10:00:00,22.833,22.927,22.833,22.860,80
2017-06-26 10:05:00,22.847,22.920,22.787,22.833,101
2017-06-26 10:10:00,22.800,22.900,22.800,22.867,65
2017-06-26 10:15:00,22.867,22.867,22.780,22.780,95
2017-06-26 10:20:00,22.780,22.800,22.780,22.787,49
2017-06-26 10:25:00,22.800,22.920,22.787,22.827,120
2017-06-26 10:30:00,22.913,22.913,22.833,22.913,69
2017-06-26 10:35:00,22.840,22.973,22.840,22.873,68
2017-06-26 10:40:00,22.880,22.987,22.880,22.893,28
2017-06-26 10:45:00,22.873,22.987,22.873,22.967,45
2017-06-26 10:50:00,22.967,22.967,22.880,22.880,82
2017-06-26 10:55:00,22.933,22.940,22.880,22.887,23
2017-06-26 11:00:00,22.947,22.947,22.893,22.893,4
2017-06-26 11:05:00,22.893,22.960,22.893,22.960,49
2017-06-26 11:10:00,22.960,23.000,22.960,23.000,139
2017-06-26 11:15:00,22.987,22.987,22.980,22.980,30
2017-06-26 11:20:00,22.973,22.987,22.947,22.947,28
2017-06-26 11:25:00,22.947,22.987,22.913,22.947,199
2017-06-26 11:30:00,22.947,23.113,22.947,22.947,73
2017-06-26 13:05:00,23.093,23.093,22.980,23.087,41
2017-06-26 13:10:00,22.987,23.053,22.987,23.053,12
2017-06-26 13:15:00,23.013,23.073,23.013,23.073,29
2017-06-26 13:20:00,23.073,23.080,23.067,23.067,51
2017-06-26 13:25:00,23.027,23.027,23.027,23.027,9
2017-06-26 13:30:00,23.047,23.073,23.047,23.053,33
2017-06-26 13:35:00,23.053,23.067,23.040,23.040,59
2017-06-26 13:40:00,23.020,23.073,23.007,23.007,66
2017-06-26 13:45:00,23.020,23.020,22.933,22.947,181
2017-06-26 13:50:00,22.973,23.040,22.973,23.040,58
2017-06-26 13:55:00,23.000,23.033,22.980,23.033,122
2017-06-26 14:00:00,22.980,23.033,22.980,23.033,29
2017-06-26 14:05:00,23.033,23.033,22.913,22.913,110
2017-06-26 14:10:00,22.907,22.960,22.847,22.860,403
2017-06-26 14:15:00,22.867,23.027,22.820,22.860,295
2017-06-26 14:20:00,22.867,22.973,22.867,22.973,115
2017-06-26 14:25:00,22.927,22.973,22.927,22.940,119
2017-06-26 14:30:00,22.953,23.000,22.940,23.000,71
2017-06-26 14:35:00,23.013,23.020,22.947,23.013,66
2017-06-26 14:40:00,23.013,23.013,22.973,22.987,107
2017-06-26 14:45:00,23.020,23.067,23.000,23.067,189
2017-06-26 14:50:00,23.067,23.073,23.040,23.067,170
2017-06-26 14:55:00,23.067,23.067,23.033,23.040,231
2017-06-26 15:00:00,23.040,23.040,23.027,23.033,292
2017-06-27 09:35:00,23.367,23.367,23.087,23.307,417
2017-06-27 09:40:00,23.260,23.300,23.153,23.200,289
2017-06-27 09:45:00,23.200,23.267,23.180,23.227,157
2017-06-27 09:50:00,23.193,23.267,23.193,23.247,193
2017-06-27 09:55:00,23.267,23.267,23.227,23.227,210
2017-06-27 10:00:00,23.173,23.233,23.173,23.233,103
2017-06-27 10:05:00,23.213,23.213,23.160,23.173,274
2017-06-27 10:10:00,23.173,23.193,23.140,23.193,394
2017-06-27 10:15:00,23.193,23.213,23.153,23.200,121
2017-06-27 10:20:00,23.167,23.233,23.153,23.233,157
2017-06-27 10:25:00,23.193,23.227,23.193,23.193,6
2017-06-27 10:30:00,23.193,23.227,23.193,23.193,46
2017-06-27 10:35:00,23.227,23.300,23.173,23.173,296
2017-06-27 10:40:00,23.233,23.327,23.233,23.247,142
2017-06-27 10:45:00,23.333,23.333,23.253,23.287,148
2017-06-27 10:50:00,23.320,23.373,23.300,23.373,157
2017-06-27 10:55:00,23.387,23.447,23.367,23.367,215
2017-06-27 11:00:00,23.413,23.420,23.360,23.360,73
2017-06-27 11:05:00,23.367,23.420,23.367,23.400,135
2017-06-27 11:10:00,23.400,23.400,23.293,23.300,99
2017-06-27 11:15:00,23.367,23.367,23.367,23.367,6
2017-06-27 11:20:00,23.333,23.333,23.333,23.333,11
2017-06-27 11:25:00,23.333,23.367,23.307,23.307,63
2017-06-27 11:30:00,23.313,23.320,23.240,23.240,209
2017-06-27 13:05:00,23.240,23.253,23.233,23.253,113
2017-06-27 13:10:00,23.313,23.313,23.207,23.207,40
2017-06-27 13:15:00,23.207,23.207,23.180,23.200,60
2017-06-27 13:20:00,23.200,23.200,23.140,23.147,153
2017-06-27 13:25:00,23.167,23.247,23.167,23.240,8
2017-06-27 13:30:00,23.240,23.240,23.107,23.120,133
2017-06-27 13:35:00,23.100,23.240,23.100,23.133,303
2017-06-27 13:40:00,23.200,23.200,23.133,23.147,29
2017-06-27 13:45:00,23.153,23.187,23.133,23.147,78
2017-06-27 13:50:00,23.147,23.187,23.133,23.160,177
2017-06-27 13:55:00,23.160,23.180,23.147,23.180,77
2017-06-27 14:00:00,23.133,23.207,23.100,23.207,112
2017-06-27 14:05:00,23.213,23.260,23.193,23.247,194
2017-06-27 14:10:00,23.247,23.247,23.173,23.173,103
2017-06-27 14:15:00,23.173,23.180,23.053,23.067,129
2017-06-27 14:20:00,23.073,23.200,23.073,23.187,65
2017-06-27 14:25:00,23.180,23.187,23.160,23.187,72
2017-06-27 14:30:00,23.200,23.227,23.200,23.227,38
2017-06-27 14:35:00,23.200,23.227,23.133,23.133,180
2017-06-27 14:40:00,23.133,23.233,23.133,23.213,140
2017-06-27 14:45:00,23.180,23.207,23.147,23.207,154
2017-06-27 14:50:00,23.133,23.147,23.080,23.093,349
2017-06-27 14:55:00,23.107,23.187,23.107,23.140,122
2017-06-27 15:00:00,23.133,23.180,23.120,23.180,229
2017-06-28 09:35:00,23.000,23.180,23.000,23.133,208
2017-06-28 09:40:00,23.133,23.240,23.047,23.213,260
2017-06-28 09:45:00,23.073,23.207,22.807,22.873,389
2017-06-28 09:50:00,22.880,22.980,22.873,22.900,347
2017-06-28 09:55:00,22.900,22.947,22.893,22.947,129
2017-06-28 10:00:00,22.913,22.913,22.880,22.900,135
2017-06-28 10:05:00,22.907,22.907,22.840,22.840,181
2017-06-28 10:10:00,22.867,22.867,22.840,22.860,69
2017-06-28 10:15:00,22.853,22.853,22.593,22.720,438
2017-06-28 10:20:00,22.640,22.727,22.640,22.720,142
2017-06-28 10:25:00,22.720,22.720,22.680,22.680,51
2017-06-28 10:30:00,22.680,22.800,22.647,22.720,179
2017-06-28 10:35:00,22.767,22.767,22.727,22.767,35
2017-06-28 10:40:00,22.773,22.840,22.773,22.800,35
2017-06-28 10:45:00,22.833,22.833,22.833,22.833,20
2017-06-28 10:50:00,22.833,22.833,22.720,22.720,128
2017-06-28 10:55:00,22.713,22.713,22.600,22.707,125
2017-06-28 11:00:00,22.653,22.687,22.647,22.647,109
2017-06-28 11:05:00,22.687,22.687,22.653,22.667,59
2017-06-28 11:10:00,22.740,22.740,22.653,22.667,192
2017-06-28 11:15:00,22.747,22.747,22.733,22.740,56
2017-06-28 11:20:00,22.740,22.740,22.693,22.733,88
2017-06-28 11:25:00,22.733,22.840,22.733,22.840,106
2017-06-28 11:30:00,22.840,22.847,22.800,22.800,48
2017-06-28 13:05:00,22.800,22.840,22.800,22.833,92
2017-06-28 13:10:00,22.853,22.853,22.800,22.833,115
2017-06-28 13:15:00,22.833,22.833,22.733,22.733,137
2017-06-28 13:20:00,22.733,22.733,22.733,22.733,50
2017-06-28 13:25:00,22.740,22.787,22.740,22.787,21
2017-06-28 13:30:00,22.793,22.793,22.707,22.707,109
2017-06-28 13:35:00,22.727,22.727,22.713,22.713,27
2017-06-28 13:40:00,22.733,22.913,22.720,22.747,150
2017-06-28 13:45:00,22.773,22.840,22.773,22.773,51
2017-06-28 13:50:00,22.780,22.820,22.713,22.713,92
2017-06-28 13:55:00,22.700,22.820,22.700,22.733,45
2017-06-28 14:00:00,22.760,22.820,22.760,22.813,63
2017-06-28 14:05:00,22.807,22.820,22.760,22.820,68
2017-06-28 14:10:00,22.860,22.860,22.833,22.833,76
2017-06-28 14:15:00,22.833,22.833,22.767,22.767,73
2017-06-28 14:20:00,22.767,22.767,22.760,22.760,28
2017-06-28 14:25:00,22.773,22.787,22.653,22.653,238
2017-06-28 14:30:00,22.667,22.707,22.660,22.700,111
2017-06-28 14:35:00,22.660,22.760,22.653,22.733,179
2017-06-28 14:40:00,22.733,22.860,22.733,22.820,228
2017-06-28 14:45:00,22.813,23.000,22.767,22.967,247
2017-06-28 14:50:00,22.987,22.987,22.807,22.840,112
2017-06-28 14:55:00,22.840,22.927,22.833,22.840,279
2017-06-28 15:00:00,22.840,22.907,22.833,22.833,289
2017-06-29 09:35:00,22.830,22.960,22.560,22.880,513
2017-06-29 09:40:00,22.880,22.970,22.800,22.810,366
2017-06-29 09:45:00,22.800,22.800,22.600,22.610,321
2017-06-29 09:50:00,22.620,22.680,22.500,22.600,529
2017-06-29 09:55:00,22.690,22.770,22.690,22.770,245
2017-06-29 10:00:00,22.820,22.820,22.690,22.690,192
2017-06-29 10:05:00,22.810,22.810,22.600,22.790,222
2017-06-29 10:10:00,22.730,22.730,22.640,22.660,18
2017-06-29 10:15:00,22.700,22.740,22.700,22.740,54
2017-06-29 10:20:00,22.700,22.740,22.660,22.660,43
2017-06-29 10:25:00,22.700,22.730,22.700,22.700,54
2017-06-29 10:30:00,22.690,22.690,22.650,22.660,165
2017-06-29 10:35:00,22.660,22.660,22.630,22.640,169
2017-06-29 10:40:00,22.640,22.640,22.550,22.580,341
2017-06-29 10:45:00,22.600,22.650,22.600,22.650,131
2017-06-29 10:50:00,22.650,22.800,22.560,22.680,352
2017-06-29 10:55:00,22.680,22.770,22.680,22.760,33
2017-06-29 11:00:00,22.700,22.700,22.700,22.700,4
2017-06-29 11:05:00,22.630,22.630,22.630,22.630,1
2017-06-29 11:10:00,22.630,22.700,22.630,22.700,74
2017-06-29 11:15:00,22.750,22.750,22.730,22.730,16
2017-06-29 11:20:00,22.730,22.830,22.730,22.830,500
2017-06-29 11:25:00,22.860,22.950,22.850,22.900,270
2017-06-29 11:30:00,22.900,22.980,22.860,22.890,338
2017-06-29 13:05:00,22.970,22.980,22.900,22.910,204
2017-06-29 13:10:00,22.910,22.910,22.850,22.850,70
2017-06-29 13:15:00,22.850,22.850,22.840,22.840,11
2017-06-29 13:20:00,22.840,22.850,22.840,22.840,94
2017-06-29 13:25:00,22.880,22.880,22.880,22.880,9
2017-06-29 13:30:00,22.850,22.850,22.830,22.830,102
2017-06-29 13:35:00,22.830,22.850,22.830,22.830,42
2017-06-29 13:40:00,22.820,22.820,22.780,22.780,93
2017-06-29 13:45:00,22.770,22.820,22.730,22.730,209
2017-06-29 13:50:00,22.730,22.800,22.730,22.800,72
2017-06-29 13:55:00,22.810,22.810,22.800,22.810,88
2017-06-29 14:00:00,22.810,22.820,22.810,22.810,79
2017-06-29 14:05:00,22.810,22.810,22.700,22.780,154
2017-06-29 14:10:00,22.780,22.790,22.680,22.790,388
2017-06-29 14:15:00,22.790,22.800,22.690,22.800,261
2017-06-29 14:20:00,22.800,22.810,22.710,22.730,97
2017-06-29 14:25:00,22.750,22.790,22.750,22.790,30
2017-06-29 14:30:00,22.800,22.800,22.790,22.800,511
2017-06-29 14:35:00,22.790,22.830,22.730,22.820,144
2017-06-29 14:40:00,22.830,22.830,22.690,22.690,223
2017-06-29 14:45:00,22.680,22.690,22.600,22.600,337
2017-06-29 14:50:00,22.600,22.680,22.560,22.610,206
2017-06-29 14:55:00,22.610,22.640,22.580,22.600,351
2017-06-29 15:00:00,22.580,22.640,22.580,22.600,368
2017-06-30 09:35:00,22.500,22.600,22.350,22.600,320
2017-06-30 09:40:00,22.590,22.590,22.380,22.410,132
2017-06-30 09:45:00,22.410,22.570,22.380,22.410,154
2017-06-30 09:50:00,22.340,22.500,22.200,22.200,851
2017-06-30 09:55:00,22.200,22.200,21.620,21.800,1782
2017-06-30 10:00:00,21.740,21.930,21.700,21.900,1781
2017-06-30 10:05:00,21.920,22.050,21.920,21.960,555
2017-06-30 10:10:00,21.960,22.300,21.960,22.190,420
2017-06-30 10:15:00,22.190,22.190,22.090,22.130,229
2017-06-30 10:20:00,22.140,22.170,22.040,22.040,531
2017-06-30 10:25:00,22.100,22.140,22.090,22.090,248
2017-06-30 10:30:00,22.050,22.050,21.860,21.880,555
2017-06-30 10:35:00,22.100,22.100,21.900,22.090,186
2017-06-30 10:40:00,22.090,22.090,21.930,22.000,141
2017-06-30 10:45:00,22.010,22.140,22.000,22.140,206
2017-06-30 10:50:00,22.140,22.140,22.000,22.030,99
2017-06-30 10:55:00,22.120,22.120,22.040,22.040,119
2017-06-30 11:00:00,22.040,22.100,22.000,22.100,456
2017-06-30 11:05:00,22.000,22.100,22.000,22.030,69
2017-06-30 11:10:00,22.030,22.030,21.990,22.000,114
2017-06-30 11:15:00,22.000,22.160,22.000,22.160,453
2017-06-30 11:20:00,22.160,22.200,22.120,22.190,129
2017-06-30 11:25:00,22.230,22.280,22.180,22.190,282
2017-06-30 11:30:00,22.190,22.680,22.190,22.680,956
2017-06-30 13:05:00,22.690,22.700,22.610,22.700,550
2017-06-30 13:10:00,22.670,22.700,22.610,22.700,257
2017-06-30 13:15:00,22.720,22.730,22.620,22.680,376
2017-06-30 13:20:00,22.620,22.780,22.620,22.740,493
2017-06-30 13:25:00,22.740,22.800,22.740,22.790,244
2017-06-30 13:30:00,22.790,22.870,22.790,22.870,258
2017-06-30 13:35:00,22.860,22.990,22.860,22.960,787
2017-06-30 13:40:00,22.960,22.960,22.750,22.840,349
2017-06-30 13:45:00,22.840,22.840,22.760,22.780,339
2017-06-30 13:50:00,22.800,22.800,22.780,22.800,61
2017-06-30 13:55:00,22.780,22.980,22.780,22.930,414
2017-06-30 14:00:00,22.950,22.980,22.750,22.750,358
2017-06-30 14:05:00,22.750,22.990,22.750,22.830,346
2017-06-30 14:10:00,22.830,22.940,22.830,22.830,209
2017-06-30 14:15:00,22.830,22.830,22.810,22.810,88
2017-06-30 14:20:00,22.810,22.840,22.770,22.840,291
2017-06-30 14:25:00,22.810,22.810,22.710,22.710,206
2017-06-30 14:30:00,22.710,22.800,22.600,22.800,448
2017-06-30 14:35:00,22.870,22.940,22.720,22.740,125
2017-06-30 14:40:00,22.740,22.750,22.730,22.750,57
2017-06-30 14:45:00,22.850,22.900,22.850,22.890,769
2017-06-30 14:50:00,22.890,22.900,22.850,22.900,279
2017-06-30 14:55:00,22.900,22.970,22.900,22.970,1057
2017-06-30 15:00:00,22.930,22.980,22.930,22.980,880
